SRR,percent_ec1
ERR598989,0.1820631
ERR599039,0.18455775
ERR599020,0.1873796
ERR3589593,0.1847449
ERR599048,0.18532875
ERR599076,0.20611765
ERR599063,0.1818148
ERR598964,0.19746295
ERR599052,0.18589795
ERR599125,0.19231405
ERR3589586,0.1963726
ERR598981,0.2022505
ERR599105,0.1639679
ERR599176,0.18617095
ERR598963,0.18304255
ERR599115,0.20011295
